naca,source,t,camber,x_t,x_c,LE_radius,TE_angle,t_over_xt,area,alpha,Re,CFD_CL,CFD_CM,CFD_CD,LD
SG_6043,airfoil_tools,0.1,0.051,0.321,0.533,0.01,0.0,0.3115,0.05,-6.0,100000.0,-0.389984,0.0981899,-0.0210616,-3.97173
SG_6043,airfoil_tools,0.1,0.051,0.321,0.533,0.01,0.0,0.3115,0.05,-5.5,100000.0,-0.373627,0.0978293,-0.0234284,-3.81918
SG_6043,airfoil_tools,0.1,0.051,0.321,0.533,0.01,0.0,0.3115,0.05,-5.0,100000.0,-0.325291,0.0925019,-0.0398798,-3.51659
SG_6043,airfoil_tools,0.1,0.051,0.321,0.533,0.01,0.0,0.3115,0.05,-4.5,100000.0,-0.283109,0.0801767,-0.0521036,-3.53107
SG_6043,airfoil_tools,0.1,0.051,0.321,0.533,0.01,0.0,0.3115,0.05,-4.0,100000.0,-0.229249,0.0677949,-0.0692188,-3.38151
SG_6043,airfoil_tools,0.1,0.051,0.321,0.533,0.01,0.0,0.3115,0.05,-3.5,100000.0,-0.178981,0.0626123,-0.0732682,-2.85856
SG_6043,airfoil_tools,0.1,0.051,0.321,0.533,0.01,0.0,0.3115,0.05,-3.0,100000.0,-0.0779016,0.0539962,-0.0812711,-1.44272
SG_6043,airfoil_tools,0.1,0.051,0.321,0.533,0.01,0.0,0.3115,0.05,-2.5,100000.0,0.0280991,0.0498747,-0.10874,0.563394
SG_6043,airfoil_tools,0.1,0.051,0.321,0.533,0.01,0.0,0.3115,0.05,-2.0,100000.0,0.126388,0.0421031,-0.121299,3.00187
SG_6043,airfoil_tools,0.1,0.051,0.321,0.533,0.01,0.0,0.3115,0.05,-1.5,100000.0,0.23632,0.0329363,-0.130208,7.17506
SG_6043,airfoil_tools,0.1,0.051,0.321,0.533,0.01,0.0,0.3115,0.05,-1.0,100000.0,0.298266,0.0355767,-0.13178,8.38375
SG_6043,airfoil_tools,0.1,0.051,0.321,0.533,0.01,0.0,0.3115,0.05,-0.5,100000.0,0.365067,0.0322488,-0.143008,11.3203
SG_6043,airfoil_tools,0.1,0.051,0.321,0.533,0.01,0.0,0.3115,0.05,0.0,100000.0,0.445504,0.0247391,-0.143347,18.0081
SG_6043,airfoil_tools,0.1,0.051,0.321,0.533,0.01,0.0,0.3115,0.05,0.5,100000.0,0.506959,0.0298959,-0.135754,16.9575
SG_6043,airfoil_tools,0.1,0.051,0.321,0.533,0.01,0.0,0.3115,0.05,1.0,100000.0,0.56467,0.0287647,-0.1476,19.6306
SG_6043,airfoil_tools,0.1,0.051,0.321,0.533,0.01,0.0,0.3115,0.05,1.5,100000.0,0.623202,0.0287435,-0.134801,21.6814
SG_6043,airfoil_tools,0.1,0.051,0.321,0.533,0.01,0.0,0.3115,0.05,2.0,100000.0,0.71051,0.0269081,-0.140466,26.405
SG_6043,airfoil_tools,0.1,0.051,0.321,0.533,0.01,0.0,0.3115,0.05,2.5,100000.0,0.75561,0.0288688,-0.139643,26.1739
SG_6043,airfoil_tools,0.1,0.051,0.321,0.533,0.01,0.0,0.3115,0.05,3.0,100000.0,0.877837,0.03073,-0.151969,28.5661
SG_6043,airfoil_tools,0.1,0.051,0.321,0.533,0.01,0.0,0.3115,0.05,3.5,100000.0,0.905176,0.0290987,-0.141135,31.1071
SG_6043,airfoil_tools,0.1,0.051,0.321,0.533,0.01,0.0,0.3115,0.05,4.0,100000.0,0.992579,0.0261044,-0.158741,38.0234
SG_6043,airfoil_tools,0.1,0.051,0.321,0.533,0.01,0.0,0.3115,0.05,4.5,100000.0,1.04388,0.0260853,-0.144446,40.0181
SG_6043,airfoil_tools,0.1,0.051,0.321,0.533,0.01,0.0,0.3115,0.05,5.0,100000.0,1.15202,0.0250618,-0.150914,45.967
SG_6043,airfoil_tools,0.1,0.051,0.321,0.533,0.01,0.0,0.3115,0.05,5.5,100000.0,1.20048,0.0225479,-0.143627,53.2413
SG_6043,airfoil_tools,0.1,0.051,0.321,0.533,0.01,0.0,0.3115,0.05,6.0,100000.0,1.28697,0.0232165,-0.170048,55.4335
SG_6043,airfoil_tools,0.1,0.051,0.321,0.533,0.01,0.0,0.3115,0.05,6.5,100000.0,1.37674,0.0206833,-0.152347,66.5627
SG_6043,airfoil_tools,0.1,0.051,0.321,0.533,0.01,0.0,0.3115,0.05,7.0,100000.0,1.38697,0.0179039,-0.148106,77.4678
SG_6043,airfoil_tools,0.1,0.051,0.321,0.533,0.01,0.0,0.3115,0.05,7.5,100000.0,1.43139,0.0236669,-0.144737,60.4805
SG_6043,airfoil_tools,0.1,0.051,0.321,0.533,0.01,0.0,0.3115,0.05,8.0,100000.0,1.3953,0.0222524,-0.128878,62.7035
SG_6043,airfoil_tools,0.1,0.051,0.321,0.533,0.01,0.0,0.3115,0.05,8.5,100000.0,1.45925,0.0242576,-0.123723,60.1566
SG_6043,airfoil_tools,0.1,0.051,0.321,0.533,0.01,0.0,0.3115,0.05,9.0,100000.0,1.45752,0.0292387,-0.123421,49.849
SG_6043,airfoil_tools,0.1,0.051,0.321,0.533,0.01,0.0,0.3115,0.05,9.5,100000.0,1.44929,0.0298275,-0.121306,48.589
SG_6043,airfoil_tools,0.1,0.051,0.321,0.533,0.01,0.0,0.3115,0.05,10.0,100000.0,1.49665,0.033941,-0.108473,44.0958
SG_6043,airfoil_tools,0.1,0.051,0.321,0.533,0.01,0.0,0.3115,0.05,10.5,100000.0,1.49337,0.0338179,-0.10666,44.1592
SG_6043,airfoil_tools,0.1,0.051,0.321,0.533,0.01,0.0,0.3115,0.05,11.0,100000.0,1.51547,0.0379953,-0.102213,39.8858
SG_6043,airfoil_tools,0.1,0.051,0.321,0.533,0.01,0.0,0.3115,0.05,11.5,100000.0,1.58042,0.0467836,-0.097436,33.7816
SG_6043,airfoil_tools,0.1,0.051,0.321,0.533,0.01,0.0,0.3115,0.05,12.0,100000.0,1.60402,0.0461271,-0.105258,34.774
SG_6043,airfoil_tools,0.1,0.051,0.321,0.533,0.01,0.0,0.3115,0.05,12.5,100000.0,1.6213,0.0501085,-0.0818493,32.3559
SG_6043,airfoil_tools,0.1,0.051,0.321,0.533,0.01,0.0,0.3115,0.05,13.0,100000.0,1.63444,0.0548004,-0.0908639,29.8253
SG_6043,airfoil_tools,0.1,0.051,0.321,0.533,0.01,0.0,0.3115,0.05,13.5,100000.0,1.61565,0.0612027,-0.085684,26.3984
SG_6043,airfoil_tools,0.1,0.051,0.321,0.533,0.01,0.0,0.3115,0.05,14.0,100000.0,1.73388,0.0608553,-0.0792878,28.4919
SG_6043,airfoil_tools,0.1,0.051,0.321,0.533,0.01,0.0,0.3115,0.05,14.5,100000.0,1.58516,0.0719868,-0.0699883,22.0201
SG_6043,airfoil_tools,0.1,0.051,0.321,0.533,0.01,0.0,0.3115,0.05,15.0,100000.0,1.60351,0.0750127,-0.0761717,21.3765
SG_6043,airfoil_tools,0.1,0.051,0.321,0.533,0.01,0.0,0.3115,0.05,15.5,100000.0,1.58574,0.081102,-0.0734113,19.5524
SG_6043,airfoil_tools,0.1,0.051,0.321,0.533,0.01,0.0,0.3115,0.05,16.0,100000.0,1.51339,0.0988382,-0.0775717,15.3118
SG_6043,airfoil_tools,0.1,0.051,0.321,0.533,0.01,0.0,0.3115,0.05,16.5,100000.0,1.6132,0.104396,-0.0772775,15.4527
SG_6043,airfoil_tools,0.1,0.051,0.321,0.533,0.01,0.0,0.3115,0.05,17.0,100000.0,1.54529,0.113775,-0.0792971,13.582
SG_6043,airfoil_tools,0.1,0.051,0.321,0.533,0.01,0.0,0.3115,0.05,17.5,100000.0,1.27021,0.164166,-0.104646,7.73737
SG_6043,airfoil_tools,0.1,0.051,0.321,0.533,0.01,0.0,0.3115,0.05,18.0,100000.0,0.937484,0.234495,-0.138231,3.99788
SG_6043,airfoil_tools,0.1,0.051,0.321,0.533,0.01,0.0,0.3115,0.05,18.5,100000.0,0.885092,0.239575,-0.132212,3.69443
SG_6043,airfoil_tools,0.1,0.051,0.321,0.533,0.01,0.0,0.3115,0.05,19.0,100000.0,0.935069,0.238195,-0.138094,3.92565
SG_6043,airfoil_tools,0.1,0.051,0.321,0.533,0.01,0.0,0.3115,0.05,19.5,100000.0,0.934489,0.237775,-0.1383,3.93014
SG_6043,airfoil_tools,0.1,0.051,0.321,0.533,0.01,0.0,0.3115,0.05,20.0,100000.0,0.986456,0.239196,-0.141172,4.12404
SG_6043,airfoil_tools,0.1,0.051,0.321,0.533,0.01,0.0,0.3115,0.05,20.5,100000.0,0.947987,0.227805,-0.129262,4.1614
SG_6043,airfoil_tools,0.1,0.051,0.321,0.533,0.01,0.0,0.3115,0.05,21.0,100000.0,0.963958,0.229016,-0.1282,4.20913
SG_6043,airfoil_tools,0.1,0.051,0.321,0.533,0.01,0.0,0.3115,0.05,21.5,100000.0,0.940232,0.241935,-0.122581,3.8863
SG_6043,airfoil_tools,0.1,0.051,0.321,0.533,0.01,0.0,0.3115,0.05,22.0,100000.0,0.919293,0.229543,-0.139355,4.00489
SG_6043,airfoil_tools,0.1,0.051,0.321,0.533,0.01,0.0,0.3115,0.05,22.5,100000.0,0.901147,0.234864,-0.131946,3.83689
SG_6043,airfoil_tools,0.1,0.051,0.321,0.533,0.01,0.0,0.3115,0.05,23.0,100000.0,0.935902,0.241975,-0.133922,3.86776
SG_6043,airfoil_tools,0.1,0.051,0.321,0.533,0.01,0.0,0.3115,0.05,23.5,100000.0,0.973341,0.233389,-0.117625,4.17047
naca0012,airfoil_tools,0.12,0.0,0.3,0.3,0.01,0.0,0.4,0.05,-6.0,400000.0,-0.699764,0.0113857,0.00627871,-61.46
naca0012,airfoil_tools,0.12,0.0,0.3,0.3,0.01,0.0,0.4,0.05,-5.5,400000.0,-0.662709,0.0113832,0.0128679,-58.2182
naca0012,airfoil_tools,0.12,0.0,0.3,0.3,0.01,0.0,0.4,0.05,-5.0,400000.0,-0.621134,0.0108678,0.0112685,-57.1536
naca0012,airfoil_tools,0.12,0.0,0.3,0.3,0.01,0.0,0.4,0.05,-4.5,400000.0,-0.618377,0.00986401,0.0166879,-62.6902
naca0012,airfoil_tools,0.12,0.0,0.3,0.3,0.01,0.0,0.4,0.05,-4.0,400000.0,-0.504676,0.00835053,0.00999624,-60.4364
naca0012,airfoil_tools,0.12,0.0,0.3,0.3,0.01,0.0,0.4,0.05,-3.5,400000.0,-0.42507,0.00818083,0.00502913,-51.9593
naca0012,airfoil_tools,0.12,0.0,0.3,0.3,0.01,0.0,0.4,0.05,-3.0,400000.0,-0.354746,0.00738108,0.00101879,-48.0616
naca0012,airfoil_tools,0.12,0.0,0.3,0.3,0.01,0.0,0.4,0.05,-2.5,400000.0,-0.274029,0.00920897,-0.00137859,-29.7568
naca0012,airfoil_tools,0.12,0.0,0.3,0.3,0.01,0.0,0.4,0.05,-2.0,400000.0,-0.228668,0.00665535,-0.00438495,-34.3585
naca0012,airfoil_tools,0.12,0.0,0.3,0.3,0.01,0.0,0.4,0.05,-1.5,400000.0,-0.151442,0.00775375,0.00301805,-19.5314
naca0012,airfoil_tools,0.12,0.0,0.3,0.3,0.01,0.0,0.4,0.05,-1.0,400000.0,-0.0986575,0.00807454,-0.00188038,-12.2184
naca0012,airfoil_tools,0.12,0.0,0.3,0.3,0.01,0.0,0.4,0.05,-0.5,400000.0,-0.0476919,0.00642404,-0.000436523,-7.42398
naca0012,airfoil_tools,0.12,0.0,0.3,0.3,0.01,0.0,0.4,0.05,0.0,400000.0,-0.0030913,0.00644309,-0.000970727,-0.479786
naca0012,airfoil_tools,0.12,0.0,0.3,0.3,0.01,0.0,0.4,0.05,0.5,400000.0,0.0517535,0.00905975,-0.00184657,5.71246
naca0012,airfoil_tools,0.12,0.0,0.3,0.3,0.01,0.0,0.4,0.05,1.0,400000.0,0.107559,0.00530454,0.00280234,20.2768
naca0012,airfoil_tools,0.12,0.0,0.3,0.3,0.01,0.0,0.4,0.05,1.5,400000.0,0.165349,0.00729537,0.00297315,22.6649
naca0012,airfoil_tools,0.12,0.0,0.3,0.3,0.01,0.0,0.4,0.05,2.0,400000.0,0.20684,0.00831903,0.00391876,24.8635
naca0012,airfoil_tools,0.12,0.0,0.3,0.3,0.01,0.0,0.4,0.05,2.5,400000.0,0.28359,0.0081275,0.00222643,34.8926
naca0012,airfoil_tools,0.12,0.0,0.3,0.3,0.01,0.0,0.4,0.05,3.0,400000.0,0.387047,0.0092605,-0.00436851,41.7955
naca0012,airfoil_tools,0.12,0.0,0.3,0.3,0.01,0.0,0.4,0.05,3.5,400000.0,0.43476,0.00841931,-0.00287494,51.6385
naca0012,airfoil_tools,0.12,0.0,0.3,0.3,0.01,0.0,0.4,0.05,4.0,400000.0,0.493533,0.00957482,-0.00844459,51.5449
naca0012,airfoil_tools,0.12,0.0,0.3,0.3,0.01,0.0,0.4,0.05,4.5,400000.0,0.604375,0.00902671,-0.0154155,66.9541
naca0012,airfoil_tools,0.12,0.0,0.3,0.3,0.01,0.0,0.4,0.05,5.0,400000.0,0.621095,0.0102127,-0.00906468,60.8159
naca0012,airfoil_tools,0.12,0.0,0.3,0.3,0.01,0.0,0.4,0.05,5.5,400000.0,0.684112,0.010191,-0.00895863,67.1291
naca0012,airfoil_tools,0.12,0.0,0.3,0.3,0.01,0.0,0.4,0.05,6.0,400000.0,0.769753,0.0135997,-0.0121353,56.6006
naca0012,airfoil_tools,0.12,0.0,0.3,0.3,0.01,0.0,0.4,0.05,6.5,400000.0,0.743278,0.0147048,-0.00754272,50.5464
naca0012,airfoil_tools,0.12,0.0,0.3,0.3,0.01,0.0,0.4,0.05,7.0,400000.0,0.808576,0.0150064,-0.00514285,53.8819
naca0012,airfoil_tools,0.12,0.0,0.3,0.3,0.01,0.0,0.4,0.05,7.5,400000.0,0.834369,0.0109213,-0.00246107,76.3981
naca0012,airfoil_tools,0.12,0.0,0.3,0.3,0.01,0.0,0.4,0.05,8.0,400000.0,0.86736,0.0144125,0.00588725,60.1812
naca0012,airfoil_tools,0.12,0.0,0.3,0.3,0.01,0.0,0.4,0.05,8.5,400000.0,0.869448,0.0164926,0.00558227,52.7174
naca0012,airfoil_tools,0.12,0.0,0.3,0.3,0.01,0.0,0.4,0.05,9.0,400000.0,1.00049,0.0163343,0.0106055,61.251
naca0012,airfoil_tools,0.12,0.0,0.3,0.3,0.01,0.0,0.4,0.05,9.5,400000.0,0.992646,0.018228,0.0115698,54.4573
naca0012,airfoil_tools,0.12,0.0,0.3,0.3,0.01,0.0,0.4,0.05,10.0,400000.0,1.03715,0.020181,0.0131668,51.3924
naca0012,airfoil_tools,0.12,0.0,0.3,0.3,0.01,0.0,0.4,0.05,10.5,400000.0,1.05273,0.0228179,0.0171322,46.136
naca0012,airfoil_tools,0.12,0.0,0.3,0.3,0.01,0.0,0.4,0.05,11.0,400000.0,1.15983,0.0225422,0.0235243,51.4518
naca0012,airfoil_tools,0.12,0.0,0.3,0.3,0.01,0.0,0.4,0.05,11.5,400000.0,1.05931,0.0259493,0.0223437,40.8223
naca0012,airfoil_tools,0.12,0.0,0.3,0.3,0.01,0.0,0.4,0.05,12.0,400000.0,1.1709,0.0273222,0.0236327,42.8553
naca0012,airfoil_tools,0.12,0.0,0.3,0.3,0.01,0.0,0.4,0.05,12.5,400000.0,1.16245,0.0294499,0.0302078,39.472
naca0012,airfoil_tools,0.12,0.0,0.3,0.3,0.01,0.0,0.4,0.05,13.0,400000.0,1.21216,0.0320437,0.0338412,37.8283
naca0012,airfoil_tools,0.12,0.0,0.3,0.3,0.01,0.0,0.4,0.05,13.5,400000.0,1.22259,0.0379584,0.0359015,32.2086
naca0012,airfoil_tools,0.12,0.0,0.3,0.3,0.01,0.0,0.4,0.05,14.0,400000.0,1.19434,0.0385257,0.0379949,31.0011
naca0012,airfoil_tools,0.12,0.0,0.3,0.3,0.01,0.0,0.4,0.05,14.5,400000.0,1.24091,0.0454248,0.0368631,27.3179
naca0012,airfoil_tools,0.12,0.0,0.3,0.3,0.01,0.0,0.4,0.05,15.0,400000.0,1.25941,0.0505155,0.0369736,24.9312
naca0012,airfoil_tools,0.12,0.0,0.3,0.3,0.01,0.0,0.4,0.05,15.5,400000.0,1.19559,0.057914,0.0363886,20.6442
naca0012,airfoil_tools,0.12,0.0,0.3,0.3,0.01,0.0,0.4,0.05,16.0,400000.0,1.23548,0.0671757,0.034929,18.3917
naca0012,airfoil_tools,0.12,0.0,0.3,0.3,0.01,0.0,0.4,0.05,16.5,400000.0,1.16722,0.0793556,0.0233542,14.7087
naca0012,airfoil_tools,0.12,0.0,0.3,0.3,0.01,0.0,0.4,0.05,17.0,400000.0,1.1329,0.0922439,0.0147362,12.2815
naca0012,airfoil_tools,0.12,0.0,0.3,0.3,0.01,0.0,0.4,0.05,17.5,400000.0,1.09016,0.107767,0.00673543,10.1159
naca0012,airfoil_tools,0.12,0.0,0.3,0.3,0.01,0.0,0.4,0.05,18.0,400000.0,0.951313,0.141799,-0.0167959,6.7089
naca0012,airfoil_tools,0.12,0.0,0.3,0.3,0.01,0.0,0.4,0.05,18.5,400000.0,0.926009,0.18915,-0.0399516,4.89564
naca0012,airfoil_tools,0.12,0.0,0.3,0.3,0.01,0.0,0.4,0.05,19.0,400000.0,0.817451,0.215501,-0.0639024,3.79325
naca0012,airfoil_tools,0.12,0.0,0.3,0.3,0.01,0.0,0.4,0.05,19.5,400000.0,0.81523,0.235275,-0.0685941,3.46501
naca0012,airfoil_tools,0.12,0.0,0.3,0.3,0.01,0.0,0.4,0.05,20.0,400000.0,0.824478,0.232883,-0.0715661,3.54031
naca0012,airfoil_tools,0.12,0.0,0.3,0.3,0.01,0.0,0.4,0.05,20.5,400000.0,0.849296,0.234007,-0.0759497,3.62936
naca0012,airfoil_tools,0.12,0.0,0.3,0.3,0.01,0.0,0.4,0.05,21.0,400000.0,0.888152,0.243872,-0.0846079,3.64188
naca0012,airfoil_tools,0.12,0.0,0.3,0.3,0.01,0.0,0.4,0.05,21.5,400000.0,0.601077,0.218993,-0.0460672,2.74473
naca0012,airfoil_tools,0.12,0.0,0.3,0.3,0.01,0.0,0.4,0.05,22.0,400000.0,0.582727,0.234656,-0.0433641,2.48332
naca0012,airfoil_tools,0.12,0.0,0.3,0.3,0.01,0.0,0.4,0.05,22.5,400000.0,0.976855,0.272987,-0.096881,3.5784
naca0012,airfoil_tools,0.12,0.0,0.3,0.3,0.01,0.0,0.4,0.05,23.0,400000.0,0.609176,0.238789,-0.0492644,2.55111
naca0012,airfoil_tools,0.12,0.0,0.3,0.3,0.01,0.0,0.4,0.05,23.5,400000.0,0.603166,0.24967,-0.0520755,2.41586
NASA_SC_0714,airfoil_tools,0.14,0.025,0.37,0.81,0.01,0.0,0.3784,0.05,-6.0,500000.0,-0.29886,0.0161419,-0.0939223,-18.5145
NASA_SC_0714,airfoil_tools,0.14,0.025,0.37,0.81,0.01,0.0,0.3784,0.05,-5.5,500000.0,-0.219891,0.0141377,-0.102512,-15.5535
NASA_SC_0714,airfoil_tools,0.14,0.025,0.37,0.81,0.01,0.0,0.3784,0.05,-5.0,500000.0,-0.124952,0.0115444,-0.112075,-10.8236
NASA_SC_0714,airfoil_tools,0.14,0.025,0.37,0.81,0.01,0.0,0.3784,0.05,-4.5,500000.0,-0.0414617,0.0107075,-0.118393,-3.87222
NASA_SC_0714,airfoil_tools,0.14,0.025,0.37,0.81,0.01,0.0,0.3784,0.05,-4.0,500000.0,0.0343974,0.0119605,-0.110655,2.87591
NASA_SC_0714,airfoil_tools,0.14,0.025,0.37,0.81,0.01,0.0,0.3784,0.05,-3.5,500000.0,0.0891575,0.0120576,-0.123846,7.39433
NASA_SC_0714,airfoil_tools,0.14,0.025,0.37,0.81,0.01,0.0,0.3784,0.05,-3.0,500000.0,0.190034,0.0101744,-0.133417,18.6776
NASA_SC_0714,airfoil_tools,0.14,0.025,0.37,0.81,0.01,0.0,0.3784,0.05,-2.5,500000.0,0.234367,0.00860936,-0.133813,27.2223
NASA_SC_0714,airfoil_tools,0.14,0.025,0.37,0.81,0.01,0.0,0.3784,0.05,-2.0,500000.0,0.30479,0.0110193,-0.130953,27.6597
NASA_SC_0714,airfoil_tools,0.14,0.025,0.37,0.81,0.01,0.0,0.3784,0.05,-1.5,500000.0,0.408365,0.0114672,-0.136659,35.6117
NASA_SC_0714,airfoil_tools,0.14,0.025,0.37,0.81,0.01,0.0,0.3784,0.05,-1.0,500000.0,0.429899,0.0104498,-0.142156,41.1395
NASA_SC_0714,airfoil_tools,0.14,0.025,0.37,0.81,0.01,0.0,0.3784,0.05,-0.5,500000.0,0.53522,0.0109868,-0.13581,48.7149
NASA_SC_0714,airfoil_tools,0.14,0.025,0.37,0.81,0.01,0.0,0.3784,0.05,0.0,500000.0,0.521711,0.0110626,-0.132984,47.1598
NASA_SC_0714,airfoil_tools,0.14,0.025,0.37,0.81,0.01,0.0,0.3784,0.05,0.5,500000.0,0.647145,0.007751,-0.13659,83.4918
NASA_SC_0714,airfoil_tools,0.14,0.025,0.37,0.81,0.01,0.0,0.3784,0.05,1.0,500000.0,0.656324,0.0108428,-0.130831,60.5309
NASA_SC_0714,airfoil_tools,0.14,0.025,0.37,0.81,0.01,0.0,0.3784,0.05,1.5,500000.0,0.70732,0.0114004,-0.125116,62.0433
NASA_SC_0714,airfoil_tools,0.14,0.025,0.37,0.81,0.01,0.0,0.3784,0.05,2.0,500000.0,0.742048,0.0146175,-0.118951,50.7645
NASA_SC_0714,airfoil_tools,0.14,0.025,0.37,0.81,0.01,0.0,0.3784,0.05,2.5,500000.0,0.762133,0.0129106,-0.115922,59.0314
NASA_SC_0714,airfoil_tools,0.14,0.025,0.37,0.81,0.01,0.0,0.3784,0.05,3.0,500000.0,0.854046,0.0145629,-0.113316,58.6452
NASA_SC_0714,airfoil_tools,0.14,0.025,0.37,0.81,0.01,0.0,0.3784,0.05,3.5,500000.0,0.899572,0.0177062,-0.12072,50.8054
NASA_SC_0714,airfoil_tools,0.14,0.025,0.37,0.81,0.01,0.0,0.3784,0.05,4.0,500000.0,1.01538,0.0190995,-0.121797,53.1628
NASA_SC_0714,airfoil_tools,0.14,0.025,0.37,0.81,0.01,0.0,0.3784,0.05,4.5,500000.0,1.03571,0.0183347,-0.112527,56.4889
NASA_SC_0714,airfoil_tools,0.14,0.025,0.37,0.81,0.01,0.0,0.3784,0.05,5.0,500000.0,1.01759,0.0191438,-0.112911,53.155
NASA_SC_0714,airfoil_tools,0.14,0.025,0.37,0.81,0.01,0.0,0.3784,0.05,5.5,500000.0,1.03464,0.0174272,-0.128448,59.3695
NASA_SC_0714,airfoil_tools,0.14,0.025,0.37,0.81,0.01,0.0,0.3784,0.05,6.0,500000.0,1.13754,0.0208922,-0.107481,54.4483
NASA_SC_0714,airfoil_tools,0.14,0.025,0.37,0.81,0.01,0.0,0.3784,0.05,6.5,500000.0,1.20006,0.0230352,-0.122001,52.0966
NASA_SC_0714,airfoil_tools,0.14,0.025,0.37,0.81,0.01,0.0,0.3784,0.05,7.0,500000.0,1.17257,0.0215795,-0.110534,54.3374
NASA_SC_0714,airfoil_tools,0.14,0.025,0.37,0.81,0.01,0.0,0.3784,0.05,7.5,500000.0,1.28441,0.0196381,-0.110573,65.4038
NASA_SC_0714,airfoil_tools,0.14,0.025,0.37,0.81,0.01,0.0,0.3784,0.05,8.0,500000.0,1.27014,0.0248955,-0.105683,51.0189
NASA_SC_0714,airfoil_tools,0.14,0.025,0.37,0.81,0.01,0.0,0.3784,0.05,8.5,500000.0,1.32606,0.0242724,-0.110558,54.6322
NASA_SC_0714,airfoil_tools,0.14,0.025,0.37,0.81,0.01,0.0,0.3784,0.05,9.0,500000.0,1.40151,0.0278692,-0.106473,50.2889
NASA_SC_0714,airfoil_tools,0.14,0.025,0.37,0.81,0.01,0.0,0.3784,0.05,9.5,500000.0,1.4577,0.0269336,-0.100893,54.1221
NASA_SC_0714,airfoil_tools,0.14,0.025,0.37,0.81,0.01,0.0,0.3784,0.05,10.0,500000.0,1.46186,0.0275812,-0.0958553,53.0021
NASA_SC_0714,airfoil_tools,0.14,0.025,0.37,0.81,0.01,0.0,0.3784,0.05,10.5,500000.0,1.44015,0.0344731,-0.0895346,41.776
NASA_SC_0714,airfoil_tools,0.14,0.025,0.37,0.81,0.01,0.0,0.3784,0.05,11.0,500000.0,1.49166,0.0332522,-0.0859124,44.8589
NASA_SC_0714,airfoil_tools,0.14,0.025,0.37,0.81,0.01,0.0,0.3784,0.05,11.5,500000.0,1.54301,0.0360344,-0.0783283,42.8206
NASA_SC_0714,airfoil_tools,0.14,0.025,0.37,0.81,0.01,0.0,0.3784,0.05,12.0,500000.0,1.54771,0.0362835,-0.0783871,42.6562
NASA_SC_0714,airfoil_tools,0.14,0.025,0.37,0.81,0.01,0.0,0.3784,0.05,12.5,500000.0,1.47509,0.0367692,-0.067081,40.1175
NASA_SC_0714,airfoil_tools,0.14,0.025,0.37,0.81,0.01,0.0,0.3784,0.05,13.0,500000.0,1.69928,0.042023,-0.0665551,40.4371
NASA_SC_0714,airfoil_tools,0.14,0.025,0.37,0.81,0.01,0.0,0.3784,0.05,13.5,500000.0,1.63466,0.0531052,-0.0598045,30.7815
NASA_SC_0714,airfoil_tools,0.14,0.025,0.37,0.81,0.01,0.0,0.3784,0.05,14.0,500000.0,1.61726,0.048016,-0.0663141,33.6816
NASA_SC_0714,airfoil_tools,0.14,0.025,0.37,0.81,0.01,0.0,0.3784,0.05,14.5,500000.0,1.64127,0.0524433,-0.0623808,31.296
NASA_SC_0714,airfoil_tools,0.14,0.025,0.37,0.81,0.01,0.0,0.3784,0.05,15.0,500000.0,1.60168,0.0560463,-0.0484622,28.5778
NASA_SC_0714,airfoil_tools,0.14,0.025,0.37,0.81,0.01,0.0,0.3784,0.05,15.5,500000.0,1.65755,0.0667876,-0.0474959,24.8182
NASA_SC_0714,airfoil_tools,0.14,0.025,0.37,0.81,0.01,0.0,0.3784,0.05,16.0,500000.0,1.58919,0.0735713,-0.0481046,21.6007
NASA_SC_0714,airfoil_tools,0.14,0.025,0.37,0.81,0.01,0.0,0.3784,0.05,16.5,500000.0,1.58473,0.0837924,-0.0583096,18.9126
NASA_SC_0714,airfoil_tools,0.14,0.025,0.37,0.81,0.01,0.0,0.3784,0.05,17.0,500000.0,1.48348,0.0949179,-0.0610499,15.6291
NASA_SC_0714,airfoil_tools,0.14,0.025,0.37,0.81,0.01,0.0,0.3784,0.05,17.5,500000.0,1.57273,0.111863,-0.0750652,14.0594
NASA_SC_0714,airfoil_tools,0.14,0.025,0.37,0.81,0.01,0.0,0.3784,0.05,18.0,500000.0,1.22019,0.157318,-0.0959729,7.75616
NASA_SC_0714,airfoil_tools,0.14,0.025,0.37,0.81,0.01,0.0,0.3784,0.05,18.5,500000.0,0.984229,0.202496,-0.11314,4.86049
NASA_SC_0714,airfoil_tools,0.14,0.025,0.37,0.81,0.01,0.0,0.3784,0.05,19.0,500000.0,0.788217,0.243872,-0.12577,3.2321
NASA_SC_0714,airfoil_tools,0.14,0.025,0.37,0.81,0.01,0.0,0.3784,0.05,19.5,500000.0,0.753965,0.247021,-0.123393,3.05223
NASA_SC_0714,airfoil_tools,0.14,0.025,0.37,0.81,0.01,0.0,0.3784,0.05,20.0,500000.0,0.796719,0.249356,-0.129414,3.19511
NASA_SC_0714,airfoil_tools,0.14,0.025,0.37,0.81,0.01,0.0,0.3784,0.05,20.5,500000.0,0.807848,0.249015,-0.128958,3.24417
NASA_SC_0714,airfoil_tools,0.14,0.025,0.37,0.81,0.01,0.0,0.3784,0.05,21.0,500000.0,0.773066,0.2746,-0.139157,2.81524
NASA_SC_0714,airfoil_tools,0.14,0.025,0.37,0.81,0.01,0.0,0.3784,0.05,21.5,500000.0,0.745491,0.260756,-0.136606,2.85896
NASA_SC_0714,airfoil_tools,0.14,0.025,0.37,0.81,0.01,0.0,0.3784,0.05,22.0,500000.0,0.807323,0.273266,-0.135256,2.95435
NASA_SC_0714,airfoil_tools,0.14,0.025,0.37,0.81,0.01,0.0,0.3784,0.05,22.5,500000.0,0.757563,0.287127,-0.149063,2.63843
NASA_SC_0714,airfoil_tools,0.14,0.025,0.37,0.81,0.01,0.0,0.3784,0.05,23.0,500000.0,0.785965,0.288197,-0.146873,2.72718
NASA_SC_0714,airfoil_tools,0.14,0.025,0.37,0.81,0.01,0.0,0.3784,0.05,23.5,500000.0,0.793483,0.297242,-0.145103,2.66949
MH_45,airfoil_tools,0.0985,0.017,0.269,0.366,0.01,0.0,0.3662,0.05,-6.0,100000.0,-0.503133,0.0302436,-0.0234446,-16.636
MH_45,airfoil_tools,0.0985,0.017,0.269,0.366,0.01,0.0,0.3662,0.05,-5.5,100000.0,-0.44917,0.0231132,-0.0255532,-19.4334
MH_45,airfoil_tools,0.0985,0.017,0.269,0.366,0.01,0.0,0.3662,0.05,-5.0,100000.0,-0.432728,0.0230553,-0.0188372,-18.7691
MH_45,airfoil_tools,0.0985,0.017,0.269,0.366,0.01,0.0,0.3662,0.05,-4.5,100000.0,-0.421576,0.0208932,-0.0162856,-20.1776
MH_45,airfoil_tools,0.0985,0.017,0.269,0.366,0.01,0.0,0.3662,0.05,-4.0,100000.0,-0.330108,0.0189556,-0.0176374,-17.4148
MH_45,airfoil_tools,0.0985,0.017,0.269,0.366,0.01,0.0,0.3662,0.05,-3.5,100000.0,-0.287301,0.0158193,-0.0222389,-18.1614
MH_45,airfoil_tools,0.0985,0.017,0.269,0.366,0.01,0.0,0.3662,0.05,-3.0,100000.0,-0.21325,0.0137727,-0.0229144,-15.4835
MH_45,airfoil_tools,0.0985,0.017,0.269,0.366,0.01,0.0,0.3662,0.05,-2.5,100000.0,-0.126076,0.01456,-0.0267044,-8.6591
MH_45,airfoil_tools,0.0985,0.017,0.269,0.366,0.01,0.0,0.3662,0.05,-2.0,100000.0,-0.0317294,0.0128107,-0.0378206,-2.47678
MH_45,airfoil_tools,0.0985,0.017,0.269,0.366,0.01,0.0,0.3662,0.05,-1.5,100000.0,0.0975013,0.0108681,-0.0486029,8.97129
MH_45,airfoil_tools,0.0985,0.017,0.269,0.366,0.01,0.0,0.3662,0.05,-1.0,100000.0,0.137249,0.0153731,-0.0426175,8.92792
MH_45,airfoil_tools,0.0985,0.017,0.269,0.366,0.01,0.0,0.3662,0.05,-0.5,100000.0,0.170788,0.0147352,-0.0468624,11.5905
MH_45,airfoil_tools,0.0985,0.017,0.269,0.366,0.01,0.0,0.3662,0.05,0.0,100000.0,0.213736,0.0150325,-0.040554,14.2182
MH_45,airfoil_tools,0.0985,0.017,0.269,0.366,0.01,0.0,0.3662,0.05,0.5,100000.0,0.265636,0.0148574,-0.0338367,17.879
MH_45,airfoil_tools,0.0985,0.017,0.269,0.366,0.01,0.0,0.3662,0.05,1.0,100000.0,0.302927,0.0175179,-0.0285775,17.2924
MH_45,airfoil_tools,0.0985,0.017,0.269,0.366,0.01,0.0,0.3662,0.05,1.5,100000.0,0.34282,0.0143469,-0.0284651,23.895
MH_45,airfoil_tools,0.0985,0.017,0.269,0.366,0.01,0.0,0.3662,0.05,2.0,100000.0,0.398014,0.0139981,-0.0230071,28.4335
MH_45,airfoil_tools,0.0985,0.017,0.269,0.366,0.01,0.0,0.3662,0.05,2.5,100000.0,0.424293,0.0158016,-0.0197265,26.8513
MH_45,airfoil_tools,0.0985,0.017,0.269,0.366,0.01,0.0,0.3662,0.05,3.0,100000.0,0.499606,0.0146382,-0.0186855,34.1303
MH_45,airfoil_tools,0.0985,0.017,0.269,0.366,0.01,0.0,0.3662,0.05,3.5,100000.0,0.510134,0.0148196,-0.0148666,34.423
MH_45,airfoil_tools,0.0985,0.017,0.269,0.366,0.01,0.0,0.3662,0.05,4.0,100000.0,0.595586,0.0143529,-0.0116034,41.4958
MH_45,airfoil_tools,0.0985,0.017,0.269,0.366,0.01,0.0,0.3662,0.05,4.5,100000.0,0.660628,0.0163166,-0.00747639,40.4881
MH_45,airfoil_tools,0.0985,0.017,0.269,0.366,0.01,0.0,0.3662,0.05,5.0,100000.0,0.661022,0.0145801,-0.0143017,45.3372
MH_45,airfoil_tools,0.0985,0.017,0.269,0.366,0.01,0.0,0.3662,0.05,5.5,100000.0,0.768539,0.0176227,-0.00892584,43.6107
MH_45,airfoil_tools,0.0985,0.017,0.269,0.366,0.01,0.0,0.3662,0.05,6.0,100000.0,0.786562,0.0160474,-0.00196554,49.015
MH_45,airfoil_tools,0.0985,0.017,0.269,0.366,0.01,0.0,0.3662,0.05,6.5,100000.0,0.830522,0.0186783,-0.00451565,44.4645
MH_45,airfoil_tools,0.0985,0.017,0.269,0.366,0.01,0.0,0.3662,0.05,7.0,100000.0,0.887826,0.0201222,-0.00659715,44.1218
MH_45,airfoil_tools,0.0985,0.017,0.269,0.366,0.01,0.0,0.3662,0.05,7.5,100000.0,0.933174,0.0241244,-0.000763855,38.6817
MH_45,airfoil_tools,0.0985,0.017,0.269,0.366,0.01,0.0,0.3662,0.05,8.0,100000.0,1.01435,0.0225731,-0.00434749,44.9364
MH_45,airfoil_tools,0.0985,0.017,0.269,0.366,0.01,0.0,0.3662,0.05,8.5,100000.0,1.00031,0.0256573,0.00122121,38.9871
MH_45,airfoil_tools,0.0985,0.017,0.269,0.366,0.01,0.0,0.3662,0.05,9.0,100000.0,0.985741,0.0306235,8.20881e-05,32.189
MH_45,airfoil_tools,0.0985,0.017,0.269,0.366,0.01,0.0,0.3662,0.05,9.5,100000.0,1.0691,0.0292781,-0.00150404,36.5153
MH_45,airfoil_tools,0.0985,0.017,0.269,0.366,0.01,0.0,0.3662,0.05,10.0,100000.0,1.15239,0.0343439,0.000784632,33.5543
MH_45,airfoil_tools,0.0985,0.017,0.269,0.366,0.01,0.0,0.3662,0.05,10.5,100000.0,1.10312,0.037507,0.00890342,29.411
MH_45,airfoil_tools,0.0985,0.017,0.269,0.366,0.01,0.0,0.3662,0.05,11.0,100000.0,1.16551,0.0396865,0.00695322,29.3678
MH_45,airfoil_tools,0.0985,0.017,0.269,0.366,0.01,0.0,0.3662,0.05,11.5,100000.0,1.18592,0.0419222,0.00937594,28.2885
MH_45,airfoil_tools,0.0985,0.017,0.269,0.366,0.01,0.0,0.3662,0.05,12.0,100000.0,1.16415,0.0568588,0.0173135,20.4744
MH_45,airfoil_tools,0.0985,0.017,0.269,0.366,0.01,0.0,0.3662,0.05,12.5,100000.0,1.18345,0.0620089,0.0112255,19.0851
MH_45,airfoil_tools,0.0985,0.017,0.269,0.366,0.01,0.0,0.3662,0.05,13.0,100000.0,1.18272,0.0743592,0.00963187,15.9055
MH_45,airfoil_tools,0.0985,0.017,0.269,0.366,0.01,0.0,0.3662,0.05,13.5,100000.0,1.03296,0.0899087,0.000408248,11.4889
MH_45,airfoil_tools,0.0985,0.017,0.269,0.366,0.01,0.0,0.3662,0.05,14.0,100000.0,1.01371,0.0873188,0.000633806,11.6093
MH_45,airfoil_tools,0.0985,0.017,0.269,0.366,0.01,0.0,0.3662,0.05,14.5,100000.0,1.01477,0.0867417,0.000915095,11.6988
MH_45,airfoil_tools,0.0985,0.017,0.269,0.366,0.01,0.0,0.3662,0.05,15.0,100000.0,1.02487,0.0944488,-0.00465761,10.8511
MH_45,airfoil_tools,0.0985,0.017,0.269,0.366,0.01,0.0,0.3662,0.05,15.5,100000.0,1.07202,0.0935521,-0.00349032,11.459
MH_45,airfoil_tools,0.0985,0.017,0.269,0.366,0.01,0.0,0.3662,0.05,16.0,100000.0,1.0218,0.0879286,-0.00214458,11.6208
MH_45,airfoil_tools,0.0985,0.017,0.269,0.366,0.01,0.0,0.3662,0.05,16.5,100000.0,1.00657,0.085359,0.00424134,11.7921
MH_45,airfoil_tools,0.0985,0.017,0.269,0.366,0.01,0.0,0.3662,0.05,17.0,100000.0,1.06656,0.0936407,0.0021585,11.3899
MH_45,airfoil_tools,0.0985,0.017,0.269,0.366,0.01,0.0,0.3662,0.05,17.5,100000.0,0.994267,0.0873965,0.00168903,11.3765
MH_45,airfoil_tools,0.0985,0.017,0.269,0.366,0.01,0.0,0.3662,0.05,18.0,100000.0,0.991008,0.0916988,0.000214302,10.8072
MH_45,airfoil_tools,0.0985,0.017,0.269,0.366,0.01,0.0,0.3662,0.05,18.5,100000.0,1.02068,0.0916917,0.00159786,11.1316
MH_45,airfoil_tools,0.0985,0.017,0.269,0.366,0.01,0.0,0.3662,0.05,19.0,100000.0,1.02116,0.0932505,-0.00148483,10.9507
MH_45,airfoil_tools,0.0985,0.017,0.269,0.366,0.01,0.0,0.3662,0.05,19.5,100000.0,1.05537,0.091282,7.44066e-05,11.5616
MH_45,airfoil_tools,0.0985,0.017,0.269,0.366,0.01,0.0,0.3662,0.05,20.0,100000.0,1.04522,0.0848704,0.00256746,12.3155
MH_45,airfoil_tools,0.0985,0.017,0.269,0.366,0.01,0.0,0.3662,0.05,20.5,100000.0,1.02733,0.0874027,0.00282005,11.7539
MH_45,airfoil_tools,0.0985,0.017,0.269,0.366,0.01,0.0,0.3662,0.05,21.0,100000.0,1.00914,0.0843233,-0.00244595,11.9675
MH_45,airfoil_tools,0.0985,0.017,0.269,0.366,0.01,0.0,0.3662,0.05,21.5,100000.0,1.05502,0.0847685,0.00424644,12.4459
MH_45,airfoil_tools,0.0985,0.017,0.269,0.366,0.01,0.0,0.3662,0.05,22.0,100000.0,0.960903,0.0951179,0.00112647,10.1022
MH_45,airfoil_tools,0.0985,0.017,0.269,0.366,0.01,0.0,0.3662,0.05,22.5,100000.0,1.03041,0.0873255,0.00150665,11.7997
MH_45,airfoil_tools,0.0985,0.017,0.269,0.366,0.01,0.0,0.3662,0.05,23.0,100000.0,1.03248,0.0930557,0.000930854,11.0953
MH_45,airfoil_tools,0.0985,0.017,0.269,0.366,0.01,0.0,0.3662,0.05,23.5,100000.0,1.03906,0.0879559,0.000584913,11.8135
EPPLER_E817,airfoil_tools,0.11,0.029,0.329,0.667,0.01,0.0,0.3343,0.05,-6.0,500000.0,-0.237048,0.00887777,-0.131295,-26.7013
EPPLER_E817,airfoil_tools,0.11,0.029,0.329,0.667,0.01,0.0,0.3343,0.05,-5.5,500000.0,-0.171938,0.00982611,-0.127365,-17.4981
EPPLER_E817,airfoil_tools,0.11,0.029,0.329,0.667,0.01,0.0,0.3343,0.05,-5.0,500000.0,-0.127456,0.00989733,-0.12912,-12.8778
EPPLER_E817,airfoil_tools,0.11,0.029,0.329,0.667,0.01,0.0,0.3343,0.05,-4.5,500000.0,-0.0734173,0.00954149,-0.132787,-7.69453
EPPLER_E817,airfoil_tools,0.11,0.029,0.329,0.667,0.01,0.0,0.3343,0.05,-4.0,500000.0,-0.00528126,0.00733006,-0.122765,-0.720493
EPPLER_E817,airfoil_tools,0.11,0.029,0.329,0.667,0.01,0.0,0.3343,0.05,-3.5,500000.0,0.0490497,0.00940495,-0.123038,5.2153
EPPLER_E817,airfoil_tools,0.11,0.029,0.329,0.667,0.01,0.0,0.3343,0.05,-3.0,500000.0,0.114493,0.0101575,-0.140122,11.2718
EPPLER_E817,airfoil_tools,0.11,0.029,0.329,0.667,0.01,0.0,0.3343,0.05,-2.5,500000.0,0.152202,0.00829219,-0.130546,18.3548
EPPLER_E817,airfoil_tools,0.11,0.029,0.329,0.667,0.01,0.0,0.3343,0.05,-2.0,500000.0,0.223659,0.00822345,-0.129694,27.1977
EPPLER_E817,airfoil_tools,0.11,0.029,0.329,0.667,0.01,0.0,0.3343,0.05,-1.5,500000.0,0.264965,0.00833586,-0.13955,31.7861
EPPLER_E817,airfoil_tools,0.11,0.029,0.329,0.667,0.01,0.0,0.3343,0.05,-1.0,500000.0,0.323098,0.00743856,-0.138537,43.4356
EPPLER_E817,airfoil_tools,0.11,0.029,0.329,0.667,0.01,0.0,0.3343,0.05,-0.5,500000.0,0.404685,0.00796471,-0.116495,50.8098
EPPLER_E817,airfoil_tools,0.11,0.029,0.329,0.667,0.01,0.0,0.3343,0.05,0.0,500000.0,0.45843,0.00903689,-0.138654,50.7288
EPPLER_E817,airfoil_tools,0.11,0.029,0.329,0.667,0.01,0.0,0.3343,0.05,0.5,500000.0,0.518615,0.00816787,-0.132668,63.4946
EPPLER_E817,airfoil_tools,0.11,0.029,0.329,0.667,0.01,0.0,0.3343,0.05,1.0,500000.0,0.618042,0.00839367,-0.12684,73.6318
EPPLER_E817,airfoil_tools,0.11,0.029,0.329,0.667,0.01,0.0,0.3343,0.05,1.5,500000.0,0.60773,0.00817339,-0.123434,74.3547
EPPLER_E817,airfoil_tools,0.11,0.029,0.329,0.667,0.01,0.0,0.3343,0.05,2.0,500000.0,0.666468,0.00958972,-0.129446,69.4982
EPPLER_E817,airfoil_tools,0.11,0.029,0.329,0.667,0.01,0.0,0.3343,0.05,2.5,500000.0,0.719365,0.00801575,-0.126495,89.7439
EPPLER_E817,airfoil_tools,0.11,0.029,0.329,0.667,0.01,0.0,0.3343,0.05,3.0,500000.0,0.80152,0.00557606,-0.134903,143.743
EPPLER_E817,airfoil_tools,0.11,0.029,0.329,0.667,0.01,0.0,0.3343,0.05,3.5,500000.0,0.814013,0.00735386,-0.12202,110.692
EPPLER_E817,airfoil_tools,0.11,0.029,0.329,0.667,0.01,0.0,0.3343,0.05,4.0,500000.0,0.826088,0.00861752,-0.112631,95.8615
EPPLER_E817,airfoil_tools,0.11,0.029,0.329,0.667,0.01,0.0,0.3343,0.05,4.5,500000.0,0.856098,0.0132493,-0.10253,64.6148
EPPLER_E817,airfoil_tools,0.11,0.029,0.329,0.667,0.01,0.0,0.3343,0.05,5.0,500000.0,0.895409,0.0145298,-0.103958,61.6257
EPPLER_E817,airfoil_tools,0.11,0.029,0.329,0.667,0.01,0.0,0.3343,0.05,5.5,500000.0,0.84756,0.0154661,-0.0968746,54.8011
EPPLER_E817,airfoil_tools,0.11,0.029,0.329,0.667,0.01,0.0,0.3343,0.05,6.0,500000.0,0.948241,0.0148947,-0.100656,63.663
EPPLER_E817,airfoil_tools,0.11,0.029,0.329,0.667,0.01,0.0,0.3343,0.05,6.5,500000.0,1.01301,0.0184364,-0.0892458,54.9461
EPPLER_E817,airfoil_tools,0.11,0.029,0.329,0.667,0.01,0.0,0.3343,0.05,7.0,500000.0,1.02458,0.0210926,-0.0863675,48.5755
EPPLER_E817,airfoil_tools,0.11,0.029,0.329,0.667,0.01,0.0,0.3343,0.05,7.5,500000.0,1.05885,0.0245172,-0.092781,43.1882
EPPLER_E817,airfoil_tools,0.11,0.029,0.329,0.667,0.01,0.0,0.3343,0.05,8.0,500000.0,1.11314,0.0310794,-0.088062,35.816
EPPLER_E817,airfoil_tools,0.11,0.029,0.329,0.667,0.01,0.0,0.3343,0.05,8.5,500000.0,1.11146,0.0338158,-0.0932805,32.8681
EPPLER_E817,airfoil_tools,0.11,0.029,0.329,0.667,0.01,0.0,0.3343,0.05,9.0,500000.0,1.12252,0.0308511,-0.0823383,36.3851
EPPLER_E817,airfoil_tools,0.11,0.029,0.329,0.667,0.01,0.0,0.3343,0.05,9.5,500000.0,1.13705,0.0334243,-0.096042,34.0186
EPPLER_E817,airfoil_tools,0.11,0.029,0.329,0.667,0.01,0.0,0.3343,0.05,10.0,500000.0,1.13972,0.0331756,-0.0887155,34.3541
EPPLER_E817,airfoil_tools,0.11,0.029,0.329,0.667,0.01,0.0,0.3343,0.05,10.5,500000.0,1.16997,0.0307155,-0.0825141,38.0905
EPPLER_E817,airfoil_tools,0.11,0.029,0.329,0.667,0.01,0.0,0.3343,0.05,11.0,500000.0,1.2167,0.0309855,-0.0911818,39.2667
EPPLER_E817,airfoil_tools,0.11,0.029,0.329,0.667,0.01,0.0,0.3343,0.05,11.5,500000.0,1.18467,0.034382,-0.0915433,34.4559
EPPLER_E817,airfoil_tools,0.11,0.029,0.329,0.667,0.01,0.0,0.3343,0.05,12.0,500000.0,1.11368,0.0311273,-0.0953826,35.7783
EPPLER_E817,airfoil_tools,0.11,0.029,0.329,0.667,0.01,0.0,0.3343,0.05,12.5,500000.0,1.09479,0.0298642,-0.0926879,36.6591
EPPLER_E817,airfoil_tools,0.11,0.029,0.329,0.667,0.01,0.0,0.3343,0.05,13.0,500000.0,1.12829,0.0320295,-0.0818545,35.2264
EPPLER_E817,airfoil_tools,0.11,0.029,0.329,0.667,0.01,0.0,0.3343,0.05,13.5,500000.0,1.09177,0.0333412,-0.0901,32.7455
EPPLER_E817,airfoil_tools,0.11,0.029,0.329,0.667,0.01,0.0,0.3343,0.05,14.0,500000.0,1.12773,0.0328,-0.0943465,34.3819
EPPLER_E817,airfoil_tools,0.11,0.029,0.329,0.667,0.01,0.0,0.3343,0.05,14.5,500000.0,1.14409,0.0319111,-0.0867988,35.8524
EPPLER_E817,airfoil_tools,0.11,0.029,0.329,0.667,0.01,0.0,0.3343,0.05,15.0,500000.0,1.14056,0.0359133,-0.0920802,31.7586
EPPLER_E817,airfoil_tools,0.11,0.029,0.329,0.667,0.01,0.0,0.3343,0.05,15.5,500000.0,1.10948,0.0305304,-0.0916957,36.3403
EPPLER_E817,airfoil_tools,0.11,0.029,0.329,0.667,0.01,0.0,0.3343,0.05,16.0,500000.0,1.10545,0.0336991,-0.082462,32.8036
EPPLER_E817,airfoil_tools,0.11,0.029,0.329,0.667,0.01,0.0,0.3343,0.05,16.5,500000.0,1.10798,0.0301645,-0.0868971,36.7311
EPPLER_E817,airfoil_tools,0.11,0.029,0.329,0.667,0.01,0.0,0.3343,0.05,17.0,500000.0,1.10868,0.0327267,-0.0881517,33.8768
EPPLER_E817,airfoil_tools,0.11,0.029,0.329,0.667,0.01,0.0,0.3343,0.05,17.5,500000.0,1.07217,0.034326,-0.0807079,31.235
EPPLER_E817,airfoil_tools,0.11,0.029,0.329,0.667,0.01,0.0,0.3343,0.05,18.0,500000.0,1.10638,0.0309421,-0.0877642,35.7566
EPPLER_E817,airfoil_tools,0.11,0.029,0.329,0.667,0.01,0.0,0.3343,0.05,18.5,500000.0,1.14227,0.0327715,-0.0797063,34.8556
EPPLER_E817,airfoil_tools,0.11,0.029,0.329,0.667,0.01,0.0,0.3343,0.05,19.0,500000.0,1.1229,0.0302241,-0.0955456,37.1523
EPPLER_E817,airfoil_tools,0.11,0.029,0.329,0.667,0.01,0.0,0.3343,0.05,19.5,500000.0,1.10191,0.0315621,-0.080714,34.9124
EPPLER_E817,airfoil_tools,0.11,0.029,0.329,0.667,0.01,0.0,0.3343,0.05,20.0,500000.0,1.10999,0.0320113,-0.0891767,34.6749
EPPLER_E817,airfoil_tools,0.11,0.029,0.329,0.667,0.01,0.0,0.3343,0.05,20.5,500000.0,1.17463,0.0360386,-0.0915807,32.5936
EPPLER_E817,airfoil_tools,0.11,0.029,0.329,0.667,0.01,0.0,0.3343,0.05,21.0,500000.0,1.11106,0.0334458,-0.0859135,33.2196
EPPLER_E817,airfoil_tools,0.11,0.029,0.329,0.667,0.01,0.0,0.3343,0.05,21.5,500000.0,1.19957,0.0326411,-0.090779,36.7503
EPPLER_E817,airfoil_tools,0.11,0.029,0.329,0.667,0.01,0.0,0.3343,0.05,22.0,500000.0,1.15198,0.0335587,-0.0852659,34.3273
EPPLER_E817,airfoil_tools,0.11,0.029,0.329,0.667,0.01,0.0,0.3343,0.05,22.5,500000.0,1.14882,0.0334852,-0.0836359,34.3083
EPPLER_E817,airfoil_tools,0.11,0.029,0.329,0.667,0.01,0.0,0.3343,0.05,23.0,500000.0,1.18197,0.0327543,-0.0898809,36.0858
EPPLER_E817,airfoil_tools,0.11,0.029,0.329,0.667,0.01,0.0,0.3343,0.05,23.5,500000.0,1.13516,0.0337297,-0.0929175,33.6546
Wortmann_FX60_126,airfoil_tools,0.101,0.036,0.308,0.597,0.01,0.0,0.3279,0.05,-6.0,1000000.0,-0.058554,0.0127987,-0.117541,-4.57498
Wortmann_FX60_126,airfoil_tools,0.101,0.036,0.308,0.597,0.01,0.0,0.3279,0.05,-5.5,1000000.0,-0.0532581,0.013499,-0.117443,-3.94535
Wortmann_FX60_126,airfoil_tools,0.101,0.036,0.308,0.597,0.01,0.0,0.3279,0.05,-5.0,1000000.0,-0.0686157,0.0141641,-0.11413,-4.84435
Wortmann_FX60_126,airfoil_tools,0.101,0.036,0.308,0.597,0.01,0.0,0.3279,0.05,-4.5,1000000.0,0.00438241,0.0113953,-0.11662,0.384581
Wortmann_FX60_126,airfoil_tools,0.101,0.036,0.308,0.597,0.01,0.0,0.3279,0.05,-4.0,1000000.0,0.0529503,0.0119761,-0.118495,4.42134
Wortmann_FX60_126,airfoil_tools,0.101,0.036,0.308,0.597,0.01,0.0,0.3279,0.05,-3.5,1000000.0,0.109718,0.00935516,-0.117066,11.728
Wortmann_FX60_126,airfoil_tools,0.101,0.036,0.308,0.597,0.01,0.0,0.3279,0.05,-3.0,1000000.0,0.161794,0.00819682,-0.112439,19.7386
Wortmann_FX60_126,airfoil_tools,0.101,0.036,0.308,0.597,0.01,0.0,0.3279,0.05,-2.5,1000000.0,0.212899,0.00741542,-0.122593,28.7103
Wortmann_FX60_126,airfoil_tools,0.101,0.036,0.308,0.597,0.01,0.0,0.3279,0.05,-2.0,1000000.0,0.295751,0.00560473,-0.121605,52.7681
Wortmann_FX60_126,airfoil_tools,0.101,0.036,0.308,0.597,0.01,0.0,0.3279,0.05,-1.5,1000000.0,0.342525,0.00868588,-0.118565,39.4347
Wortmann_FX60_126,airfoil_tools,0.101,0.036,0.308,0.597,0.01,0.0,0.3279,0.05,-1.0,1000000.0,0.384922,0.00872354,-0.126544,44.1245
Wortmann_FX60_126,airfoil_tools,0.101,0.036,0.308,0.597,0.01,0.0,0.3279,0.05,-0.5,1000000.0,0.411708,0.0070057,-0.121593,58.7675
Wortmann_FX60_126,airfoil_tools,0.101,0.036,0.308,0.597,0.01,0.0,0.3279,0.05,0.0,1000000.0,0.487091,0.00700056,-0.117741,69.5789
Wortmann_FX60_126,airfoil_tools,0.101,0.036,0.308,0.597,0.01,0.0,0.3279,0.05,0.5,1000000.0,0.550233,0.00520687,-0.114043,105.675
Wortmann_FX60_126,airfoil_tools,0.101,0.036,0.308,0.597,0.01,0.0,0.3279,0.05,1.0,1000000.0,0.632452,0.00655087,-0.108525,96.5446
Wortmann_FX60_126,airfoil_tools,0.101,0.036,0.308,0.597,0.01,0.0,0.3279,0.05,1.5,1000000.0,0.64634,0.00537334,-0.122446,120.287
Wortmann_FX60_126,airfoil_tools,0.101,0.036,0.308,0.597,0.01,0.0,0.3279,0.05,2.0,1000000.0,0.715238,0.0087668,-0.118228,81.5849
Wortmann_FX60_126,airfoil_tools,0.101,0.036,0.308,0.597,0.01,0.0,0.3279,0.05,2.5,1000000.0,0.773174,0.00849819,-0.107993,90.9811
Wortmann_FX60_126,airfoil_tools,0.101,0.036,0.308,0.597,0.01,0.0,0.3279,0.05,3.0,1000000.0,0.808673,0.0125829,-0.112736,64.2674
Wortmann_FX60_126,airfoil_tools,0.101,0.036,0.308,0.597,0.01,0.0,0.3279,0.05,3.5,1000000.0,0.878984,0.0122846,-0.111869,71.5517
Wortmann_FX60_126,airfoil_tools,0.101,0.036,0.308,0.597,0.01,0.0,0.3279,0.05,4.0,1000000.0,0.939495,0.0136042,-0.112736,69.0591
Wortmann_FX60_126,airfoil_tools,0.101,0.036,0.308,0.597,0.01,0.0,0.3279,0.05,4.5,1000000.0,0.995204,0.012584,-0.105238,79.0846
Wortmann_FX60_126,airfoil_tools,0.101,0.036,0.308,0.597,0.01,0.0,0.3279,0.05,5.0,1000000.0,0.999536,0.0156807,-0.112215,63.7432
Wortmann_FX60_126,airfoil_tools,0.101,0.036,0.308,0.597,0.01,0.0,0.3279,0.05,5.5,1000000.0,1.0195,0.0149092,-0.114018,68.3806
Wortmann_FX60_126,airfoil_tools,0.101,0.036,0.308,0.597,0.01,0.0,0.3279,0.05,6.0,1000000.0,1.14115,0.0161745,-0.110034,70.5526
Wortmann_FX60_126,airfoil_tools,0.101,0.036,0.308,0.597,0.01,0.0,0.3279,0.05,6.5,1000000.0,1.03933,0.0164371,-0.120379,63.2309
Wortmann_FX60_126,airfoil_tools,0.101,0.036,0.308,0.597,0.01,0.0,0.3279,0.05,7.0,1000000.0,1.05073,0.0180268,-0.103589,58.287
Wortmann_FX60_126,airfoil_tools,0.101,0.036,0.308,0.597,0.01,0.0,0.3279,0.05,7.5,1000000.0,1.12567,0.0157624,-0.10795,71.4147
Wortmann_FX60_126,airfoil_tools,0.101,0.036,0.308,0.597,0.01,0.0,0.3279,0.05,8.0,1000000.0,1.10967,0.0155115,-0.0998357,71.5383
Wortmann_FX60_126,airfoil_tools,0.101,0.036,0.308,0.597,0.01,0.0,0.3279,0.05,8.5,1000000.0,1.14252,0.0167403,-0.107559,68.2495
Wortmann_FX60_126,airfoil_tools,0.101,0.036,0.308,0.597,0.01,0.0,0.3279,0.05,9.0,1000000.0,1.11757,0.0143535,-0.108993,77.8606
Wortmann_FX60_126,airfoil_tools,0.101,0.036,0.308,0.597,0.01,0.0,0.3279,0.05,9.5,1000000.0,1.08437,0.015717,-0.10917,68.9933
Wortmann_FX60_126,airfoil_tools,0.101,0.036,0.308,0.597,0.01,0.0,0.3279,0.05,10.0,1000000.0,1.17684,0.0178701,-0.110688,65.8555
Wortmann_FX60_126,airfoil_tools,0.101,0.036,0.308,0.597,0.01,0.0,0.3279,0.05,10.5,1000000.0,1.13115,0.0188644,-0.102863,59.9623
Wortmann_FX60_126,airfoil_tools,0.101,0.036,0.308,0.597,0.01,0.0,0.3279,0.05,11.0,1000000.0,1.11202,0.0161819,-0.104048,68.7201
Wortmann_FX60_126,airfoil_tools,0.101,0.036,0.308,0.597,0.01,0.0,0.3279,0.05,11.5,1000000.0,1.12447,0.0182035,-0.104377,61.7724
Wortmann_FX60_126,airfoil_tools,0.101,0.036,0.308,0.597,0.01,0.0,0.3279,0.05,12.0,1000000.0,1.14894,0.0163284,-0.100809,70.3648
Wortmann_FX60_126,airfoil_tools,0.101,0.036,0.308,0.597,0.01,0.0,0.3279,0.05,12.5,1000000.0,1.11717,0.0197505,-0.111305,56.5642
Wortmann_FX60_126,airfoil_tools,0.101,0.036,0.308,0.597,0.01,0.0,0.3279,0.05,13.0,1000000.0,1.17454,0.0172894,-0.111108,67.934
Wortmann_FX60_126,airfoil_tools,0.101,0.036,0.308,0.597,0.01,0.0,0.3279,0.05,13.5,1000000.0,1.09175,0.0166101,-0.105481,65.7285
Wortmann_FX60_126,airfoil_tools,0.101,0.036,0.308,0.597,0.01,0.0,0.3279,0.05,14.0,1000000.0,1.1293,0.0162779,-0.107827,69.376
Wortmann_FX60_126,airfoil_tools,0.101,0.036,0.308,0.597,0.01,0.0,0.3279,0.05,14.5,1000000.0,1.18969,0.0192946,-0.105418,61.6593
Wortmann_FX60_126,airfoil_tools,0.101,0.036,0.308,0.597,0.01,0.0,0.3279,0.05,15.0,1000000.0,1.11122,0.0171873,-0.104491,64.6532
Wortmann_FX60_126,airfoil_tools,0.101,0.036,0.308,0.597,0.01,0.0,0.3279,0.05,15.5,1000000.0,1.07166,0.0166926,-0.116428,64.1994
Wortmann_FX60_126,airfoil_tools,0.101,0.036,0.308,0.597,0.01,0.0,0.3279,0.05,16.0,1000000.0,1.12469,0.0178784,-0.110228,62.9076
Wortmann_FX60_126,airfoil_tools,0.101,0.036,0.308,0.597,0.01,0.0,0.3279,0.05,16.5,1000000.0,1.1685,0.0154231,-0.11536,75.7628
Wortmann_FX60_126,airfoil_tools,0.101,0.036,0.308,0.597,0.01,0.0,0.3279,0.05,17.0,1000000.0,1.11817,0.0184026,-0.0988914,60.7614
Wortmann_FX60_126,airfoil_tools,0.101,0.036,0.308,0.597,0.01,0.0,0.3279,0.05,17.5,1000000.0,1.09269,0.018444,-0.107901,59.2433
Wortmann_FX60_126,airfoil_tools,0.101,0.036,0.308,0.597,0.01,0.0,0.3279,0.05,18.0,1000000.0,1.10336,0.0181884,-0.104288,60.663
Wortmann_FX60_126,airfoil_tools,0.101,0.036,0.308,0.597,0.01,0.0,0.3279,0.05,18.5,1000000.0,1.05101,0.0189656,-0.100481,55.4167
Wortmann_FX60_126,airfoil_tools,0.101,0.036,0.308,0.597,0.01,0.0,0.3279,0.05,19.0,1000000.0,1.08647,0.0175489,-0.105116,61.9112
Wortmann_FX60_126,airfoil_tools,0.101,0.036,0.308,0.597,0.01,0.0,0.3279,0.05,19.5,1000000.0,1.11952,0.0163086,-0.111213,68.6461
Wortmann_FX60_126,airfoil_tools,0.101,0.036,0.308,0.597,0.01,0.0,0.3279,0.05,20.0,1000000.0,1.10885,0.0185673,-0.104856,59.7203
Wortmann_FX60_126,airfoil_tools,0.101,0.036,0.308,0.597,0.01,0.0,0.3279,0.05,20.5,1000000.0,1.09598,0.0180416,-0.122601,60.7472
Wortmann_FX60_126,airfoil_tools,0.101,0.036,0.308,0.597,0.01,0.0,0.3279,0.05,21.0,1000000.0,1.15264,0.0147494,-0.109596,78.1484
Wortmann_FX60_126,airfoil_tools,0.101,0.036,0.308,0.597,0.01,0.0,0.3279,0.05,21.5,1000000.0,1.06804,0.0153328,-0.101628,69.6574
Wortmann_FX60_126,airfoil_tools,0.101,0.036,0.308,0.597,0.01,0.0,0.3279,0.05,22.0,1000000.0,1.09236,0.0174842,-0.107945,62.4767
Wortmann_FX60_126,airfoil_tools,0.101,0.036,0.308,0.597,0.01,0.0,0.3279,0.05,22.5,1000000.0,1.12759,0.0171307,-0.114411,65.8228
Wortmann_FX60_126,airfoil_tools,0.101,0.036,0.308,0.597,0.01,0.0,0.3279,0.05,23.0,1000000.0,1.14695,0.0163827,-0.115842,70.01
Wortmann_FX60_126,airfoil_tools,0.101,0.036,0.308,0.597,0.01,0.0,0.3279,0.05,23.5,1000000.0,1.09383,0.0189973,-0.103252,57.5782
naca0106,airfoil_tools,0.06,0.0,0.3,0.0,0.01,0.0,0.2,0.05,-6.0,50000,-12.58,-0.638614,0.050778,-0.007383
naca0106,airfoil_tools,0.06,0.0,0.3,0.0,0.01,0.0,0.2,0.05,-5.5,50000,-14.88,-0.596174,0.040078,-0.011197
naca0106,airfoil_tools,0.06,0.0,0.3,0.0,0.01,0.0,0.2,0.05,-5.0,50000,-16.53,-0.547979,0.03315,-0.009935
naca0106,airfoil_tools,0.06,0.0,0.3,0.0,0.01,0.0,0.2,0.05,-4.5,50000,-17.81,-0.491095,0.027574,-0.008548
naca0106,airfoil_tools,0.06,0.0,0.3,0.0,0.01,0.0,0.2,0.05,-4.0,50000,-18.65,-0.432384,0.02319,-0.007425
naca0106,airfoil_tools,0.06,0.0,0.3,0.0,0.01,0.0,0.2,0.05,-3.5,50000,-21.1,-0.395446,0.018741,-0.001891
naca0106,airfoil_tools,0.06,0.0,0.3,0.0,0.01,0.0,0.2,0.05,-3.0,50000,-19.24,-0.308494,0.016034,-0.004468
naca0106,airfoil_tools,0.06,0.0,0.3,0.0,0.01,0.0,0.2,0.05,-2.5,50000,-13.58,-0.210268,0.015481,-0.009765
naca0106,airfoil_tools,0.06,0.0,0.3,0.0,0.01,0.0,0.2,0.05,-2.0,50000,-11.61,-0.171119,0.014745,-0.006232
naca0106,airfoil_tools,0.06,0.0,0.3,0.0,0.01,0.0,0.2,0.05,-1.5,50000,-9.67,-0.138278,0.014307,-0.002787
naca0106,airfoil_tools,0.06,0.0,0.3,0.0,0.01,0.0,0.2,0.05,-1.0,50000,-6.86,-0.096661,0.014099,-0.001197
naca0106,airfoil_tools,0.06,0.0,0.3,0.0,0.01,0.0,0.2,0.05,-0.5,50000,-3.53,-0.049409,0.014004,-0.000482
naca0106,airfoil_tools,0.06,0.0,0.3,0.0,0.01,0.0,0.2,0.05,0.0,50000,0.0,0.0,0.013976,-0.0
naca0106,airfoil_tools,0.06,0.0,0.3,0.0,0.01,0.0,0.2,0.05,0.5,50000,3.53,0.049409,0.014004,0.000482
naca0106,airfoil_tools,0.06,0.0,0.3,0.0,0.01,0.0,0.2,0.05,1.0,50000,6.86,0.096661,0.014099,0.001197
naca0106,airfoil_tools,0.06,0.0,0.3,0.0,0.01,0.0,0.2,0.05,1.5,50000,9.67,0.138278,0.014307,0.002787
naca0106,airfoil_tools,0.06,0.0,0.3,0.0,0.01,0.0,0.2,0.05,2.0,50000,11.61,0.171119,0.014745,0.006232
naca0106,airfoil_tools,0.06,0.0,0.3,0.0,0.01,0.0,0.2,0.05,2.5,50000,13.58,0.210268,0.015481,0.009765
naca0106,airfoil_tools,0.06,0.0,0.3,0.0,0.01,0.0,0.2,0.05,3.0,50000,19.24,0.308494,0.016034,0.004468
naca0106,airfoil_tools,0.06,0.0,0.3,0.0,0.01,0.0,0.2,0.05,3.5,50000,21.1,0.395446,0.018741,0.001891
naca0106,airfoil_tools,0.06,0.0,0.3,0.0,0.01,0.0,0.2,0.05,4.0,50000,18.65,0.432384,0.02319,0.007425
naca0106,airfoil_tools,0.06,0.0,0.3,0.0,0.01,0.0,0.2,0.05,4.5,50000,17.81,0.491095,0.027574,0.008548
naca0106,airfoil_tools,0.06,0.0,0.3,0.0,0.01,0.0,0.2,0.05,5.0,50000,16.53,0.547979,0.03315,0.009935
naca0106,airfoil_tools,0.06,0.0,0.3,0.0,0.01,0.0,0.2,0.05,5.5,50000,14.88,0.596174,0.040078,0.011197
naca0106,airfoil_tools,0.06,0.0,0.3,0.0,0.01,0.0,0.2,0.05,6.0,50000,12.58,0.638614,0.050778,0.007383
naca0106,airfoil_tools,0.06,0.0,0.3,0.0,0.01,0.0,0.2,0.05,6.5,50000,10.11,0.660127,0.065315,-0.007465
naca0106,airfoil_tools,0.06,0.0,0.3,0.0,0.01,0.0,0.2,0.05,7.0,50000,7.81,0.64917,0.083111,-0.022086
naca0106,airfoil_tools,0.06,0.0,0.3,0.0,0.01,0.0,0.2,0.05,7.5,50000,6.69,0.646519,0.096602,-0.031139
naca0106,airfoil_tools,0.06,0.0,0.3,0.0,0.01,0.0,0.2,0.05,8.0,50000,6.27,0.653279,0.104175,-0.034939
naca0106,airfoil_tools,0.06,0.0,0.3,0.0,0.01,0.0,0.2,0.05,8.5,50000,6.0,0.661012,0.110246,-0.035767
naca0106,airfoil_tools,0.06,0.0,0.3,0.0,0.01,0.0,0.2,0.05,9.0,50000,5.72,0.66766,0.116708,-0.035845
naca0106,airfoil_tools,0.06,0.0,0.3,0.0,0.01,0.0,0.2,0.05,9.5,50000,5.45,0.674485,0.123717,-0.036055
naca0106,airfoil_tools,0.06,0.0,0.3,0.0,0.01,0.0,0.2,0.05,10.0,50000,5.21,0.682209,0.131039,-0.036721
naca0106,airfoil_tools,0.06,0.0,0.3,0.0,0.01,0.0,0.2,0.05,10.5,50000,4.99,0.690679,0.138461,-0.037999
naca0106,airfoil_tools,0.06,0.0,0.3,0.0,0.01,0.0,0.2,0.05,11.0,50000,4.8,0.699642,0.145851,-0.039887
naca0106,airfoil_tools,0.06,0.0,0.3,0.0,0.01,0.0,0.2,0.05,11.5,50000,4.63,0.709034,0.153129,-0.042285
naca0106,airfoil_tools,0.06,0.0,0.3,0.0,0.01,0.0,0.2,0.05,12.0,50000,4.49,0.718901,0.160251,-0.045092
naca0106,airfoil_tools,0.06,0.0,0.3,0.0,0.01,0.0,0.2,0.05,12.5,50000,4.36,0.729296,0.167194,-0.048248
naca0106,airfoil_tools,0.06,0.0,0.3,0.0,0.01,0.0,0.2,0.05,13.0,50000,4.26,0.740246,0.17395,-0.051725
naca0106,airfoil_tools,0.06,0.0,0.3,0.0,0.01,0.0,0.2,0.05,13.5,50000,4.16,0.751738,0.180521,-0.055519
naca0106,airfoil_tools,0.06,0.0,0.3,0.0,0.01,0.0,0.2,0.05,14.0,50000,4.09,0.763715,0.186924,-0.059644
naca0106,airfoil_tools,0.06,0.0,0.3,0.0,0.01,0.0,0.2,0.05,14.5,50000,4.02,0.776072,0.193197,-0.06414
naca0106,airfoil_tools,0.06,0.0,0.3,0.0,0.01,0.0,0.2,0.05,15.0,50000,3.96,0.788654,0.199398,-0.069075
naca0106,airfoil_tools,0.06,0.0,0.3,0.0,0.01,0.0,0.2,0.05,15.5,50000,3.9,0.801254,0.205616,-0.074555
naca0106,airfoil_tools,0.06,0.0,0.3,0.0,0.01,0.0,0.2,0.05,16.0,50000,3.84,0.813624,0.211972,-0.080717
naca0106,airfoil_tools,0.06,0.0,0.3,0.0,0.01,0.0,0.2,0.05,16.5,50000,3.78,0.825477,0.218622,-0.087729
naca0106,airfoil_tools,0.06,0.0,0.3,0.0,0.01,0.0,0.2,0.05,17.0,50000,3.71,0.836499,0.225768,-0.095766
naca0106,airfoil_tools,0.06,0.0,0.3,0.0,0.01,0.0,0.2,0.05,17.5,50000,3.62,0.846374,0.233658,-0.104988
naca0106,airfoil_tools,0.06,0.0,0.3,0.0,0.01,0.0,0.2,0.05,18.0,50000,3.52,0.854824,0.242584,-0.115488
naca0106,airfoil_tools,0.06,0.0,0.3,0.0,0.01,0.0,0.2,0.05,18.5,50000,3.41,0.861661,0.25286,-0.127242
naca0106,airfoil_tools,0.06,0.0,0.3,0.0,0.01,0.0,0.2,0.05,19.0,50000,3.27,0.866865,0.264777,-0.14006
naca0106,airfoil_tools,0.06,0.0,0.3,0.0,0.01,0.0,0.2,0.05,19.5,50000,3.13,0.870637,0.278547,-0.153579
naca0106,airfoil_tools,0.06,0.0,0.3,0.0,0.01,0.0,0.2,0.05,20.0,50000,2.97,0.873402,0.29423,-0.167306
naca0106,airfoil_tools,0.06,0.0,0.3,0.0,0.01,0.0,0.2,0.05,20.5,50000,2.81,0.87575,0.311701,-0.180721
naca0106,airfoil_tools,0.06,0.0,0.3,0.0,0.01,0.0,0.2,0.05,21.0,50000,2.66,0.87831,0.330653,-0.193386
naca0106,airfoil_tools,0.06,0.0,0.3,0.0,0.01,0.0,0.2,0.05,21.5,50000,2.51,0.881611,0.350659,-0.205017
naca0106,airfoil_tools,0.06,0.0,0.3,0.0,0.01,0.0,0.2,0.05,22.0,50000,2.39,0.885999,0.371263,-0.215505
naca0106,airfoil_tools,0.06,0.0,0.3,0.0,0.01,0.0,0.2,0.05,22.5,50000,2.27,0.891606,0.392064,-0.224875
naca0106,airfoil_tools,0.06,0.0,0.3,0.0,0.01,0.0,0.2,0.05,23.0,50000,2.18,0.898392,0.412766,-0.233239
naca0106,airfoil_tools,0.06,0.0,0.3,0.0,0.01,0.0,0.2,0.05,23.5,50000,2.09,0.906203,0.433188,-0.240748
goe101,airfoil_tools,0.069,0.04,0.3,0.3,0.01,0.0,0.2,0.05,-6.0,500000,-4.22,-0.288983,0.068434,-0.034466
goe101,airfoil_tools,0.069,0.04,0.3,0.3,0.01,0.0,0.2,0.05,-5.5,500000,-4.1,-0.244838,0.059747,-0.04461
goe101,airfoil_tools,0.069,0.04,0.3,0.3,0.01,0.0,0.2,0.05,-5.0,500000,-3.7,-0.186696,0.050503,-0.056076
goe101,airfoil_tools,0.069,0.04,0.3,0.3,0.01,0.0,0.2,0.05,-4.5,500000,-2.86,-0.117705,0.041125,-0.067814
goe101,airfoil_tools,0.069,0.04,0.3,0.3,0.01,0.0,0.2,0.05,-4.0,500000,-1.48,-0.048592,0.032855,-0.0773
goe101,airfoil_tools,0.069,0.04,0.3,0.3,0.01,0.0,0.2,0.05,-3.5,500000,0.9,0.024179,0.026787,-0.082286
goe101,airfoil_tools,0.069,0.04,0.3,0.3,0.01,0.0,0.2,0.05,-3.0,500000,3.67,0.081271,0.022168,-0.081614
goe101,airfoil_tools,0.069,0.04,0.3,0.3,0.01,0.0,0.2,0.05,-2.5,500000,6.33,0.117942,0.018618,-0.078572
goe101,airfoil_tools,0.069,0.04,0.3,0.3,0.01,0.0,0.2,0.05,-2.0,500000,12.26,0.182257,0.01487,-0.075799
goe101,airfoil_tools,0.069,0.04,0.3,0.3,0.01,0.0,0.2,0.05,-1.5,500000,20.32,0.235398,0.011583,-0.074684
goe101,airfoil_tools,0.069,0.04,0.3,0.3,0.01,0.0,0.2,0.05,-1.0,500000,28.11,0.286766,0.0102,-0.073166
goe101,airfoil_tools,0.069,0.04,0.3,0.3,0.01,0.0,0.2,0.05,-0.5,500000,36.14,0.339677,0.0094,-0.072138
goe101,airfoil_tools,0.069,0.04,0.3,0.3,0.01,0.0,0.2,0.05,0.0,500000,43.21,0.391009,0.00905,-0.071695
goe101,airfoil_tools,0.069,0.04,0.3,0.3,0.01,0.0,0.2,0.05,0.5,500000,54.89,0.442947,0.008069,-0.071373
goe101,airfoil_tools,0.069,0.04,0.3,0.3,0.01,0.0,0.2,0.05,1.0,500000,75.63,0.50369,0.00666,-0.07206
goe101,airfoil_tools,0.069,0.04,0.3,0.3,0.01,0.0,0.2,0.05,1.5,500000,82.85,0.560778,0.006769,-0.072463
goe101,airfoil_tools,0.069,0.04,0.3,0.3,0.01,0.0,0.2,0.05,2.0,500000,86.73,0.610296,0.007037,-0.071549
goe101,airfoil_tools,0.069,0.04,0.3,0.3,0.01,0.0,0.2,0.05,2.5,500000,90.7,0.661748,0.007296,-0.070958
goe101,airfoil_tools,0.069,0.04,0.3,0.3,0.01,0.0,0.2,0.05,3.0,500000,94.89,0.714243,0.007527,-0.070494
goe101,airfoil_tools,0.069,0.04,0.3,0.3,0.01,0.0,0.2,0.05,3.5,500000,99.13,0.766964,0.007737,-0.070004
goe101,airfoil_tools,0.069,0.04,0.3,0.3,0.01,0.0,0.2,0.05,4.0,500000,103.24,0.81954,0.007938,-0.069471
goe101,airfoil_tools,0.069,0.04,0.3,0.3,0.01,0.0,0.2,0.05,4.5,500000,106.97,0.87177,0.00815,-0.068938
goe101,airfoil_tools,0.069,0.04,0.3,0.3,0.01,0.0,0.2,0.05,5.0,500000,109.82,0.923603,0.00841,-0.068442
goe101,airfoil_tools,0.069,0.04,0.3,0.3,0.01,0.0,0.2,0.05,5.5,500000,111.07,0.975177,0.00878,-0.067918
goe101,airfoil_tools,0.069,0.04,0.3,0.3,0.01,0.0,0.2,0.05,6.0,500000,109.85,1.026662,0.009346,-0.067106
goe101,airfoil_tools,0.069,0.04,0.3,0.3,0.01,0.0,0.2,0.05,6.5,500000,106.1,1.077244,0.010153,-0.065868
goe101,airfoil_tools,0.069,0.04,0.3,0.3,0.01,0.0,0.2,0.05,7.0,500000,98.22,1.122215,0.011425,-0.06432
goe101,airfoil_tools,0.069,0.04,0.3,0.3,0.01,0.0,0.2,0.05,7.5,500000,85.68,1.158263,0.013519,-0.062427
goe101,airfoil_tools,0.069,0.04,0.3,0.3,0.01,0.0,0.2,0.05,8.0,500000,75.77,1.193718,0.015755,-0.060265
goe101,airfoil_tools,0.069,0.04,0.3,0.3,0.01,0.0,0.2,0.05,8.5,500000,69.0,1.229889,0.017825,-0.057768
goe101,airfoil_tools,0.069,0.04,0.3,0.3,0.01,0.0,0.2,0.05,9.0,500000,63.23,1.263014,0.019975,-0.054725
goe101,airfoil_tools,0.069,0.04,0.3,0.3,0.01,0.0,0.2,0.05,9.5,500000,57.56,1.290154,0.022415,-0.050984
goe101,airfoil_tools,0.069,0.04,0.3,0.3,0.01,0.0,0.2,0.05,10.0,500000,51.81,1.309557,0.025278,-0.046586
goe101,airfoil_tools,0.069,0.04,0.3,0.3,0.01,0.0,0.2,0.05,10.5,500000,46.06,1.320948,0.028678,-0.04186
goe101,airfoil_tools,0.069,0.04,0.3,0.3,0.01,0.0,0.2,0.05,11.0,500000,40.5,1.325749,0.032733,-0.03741
goe101,airfoil_tools,0.069,0.04,0.3,0.3,0.01,0.0,0.2,0.05,11.5,500000,35.33,1.326128,0.037532,-0.033849
goe101,airfoil_tools,0.069,0.04,0.3,0.3,0.01,0.0,0.2,0.05,12.0,500000,30.68,1.323375,0.043128,-0.031494
goe101,airfoil_tools,0.069,0.04,0.3,0.3,0.01,0.0,0.2,0.05,12.5,500000,26.57,1.317198,0.049566,-0.030344
goe101,airfoil_tools,0.069,0.04,0.3,0.3,0.01,0.0,0.2,0.05,13.0,500000,22.94,1.30639,0.056941,-0.030313
goe101,airfoil_tools,0.069,0.04,0.3,0.3,0.01,0.0,0.2,0.05,13.5,500000,19.71,1.289906,0.06544,-0.031458
goe101,airfoil_tools,0.069,0.04,0.3,0.3,0.01,0.0,0.2,0.05,14.0,500000,16.81,1.267207,0.075382,-0.03412
goe101,airfoil_tools,0.069,0.04,0.3,0.3,0.01,0.0,0.2,0.05,14.5,500000,14.18,1.237748,0.087311,-0.038997
goe101,airfoil_tools,0.069,0.04,0.3,0.3,0.01,0.0,0.2,0.05,15.0,500000,11.8,1.200974,0.101799,-0.046957
goe101,airfoil_tools,0.069,0.04,0.3,0.3,0.01,0.0,0.2,0.05,15.5,500000,9.75,1.15887,0.118851,-0.058546
goe101,airfoil_tools,0.069,0.04,0.3,0.3,0.01,0.0,0.2,0.05,16.0,500000,8.11,1.119574,0.138044,-0.0732
goe101,airfoil_tools,0.069,0.04,0.3,0.3,0.01,0.0,0.2,0.05,16.5,500000,6.86,1.088244,0.158721,-0.088595
goe101,airfoil_tools,0.069,0.04,0.3,0.3,0.01,0.0,0.2,0.05,17.0,500000,5.88,1.05943,0.180241,-0.103792
goe101,airfoil_tools,0.069,0.04,0.3,0.3,0.01,0.0,0.2,0.05,17.5,500000,5.11,1.030613,0.201531,-0.119494
goe101,airfoil_tools,0.069,0.04,0.3,0.3,0.01,0.0,0.2,0.05,18.0,500000,4.53,1.004198,0.22164,-0.135392
goe101,airfoil_tools,0.069,0.04,0.3,0.3,0.01,0.0,0.2,0.05,18.5,500000,4.09,0.982603,0.24017,-0.150673
goe101,airfoil_tools,0.069,0.04,0.3,0.3,0.01,0.0,0.2,0.05,19.0,500000,3.75,0.966334,0.257418,-0.164944
goe101,airfoil_tools,0.069,0.04,0.3,0.3,0.01,0.0,0.2,0.05,19.5,500000,3.48,0.954125,0.274225,-0.178162
goe101,airfoil_tools,0.069,0.04,0.3,0.3,0.01,0.0,0.2,0.05,20.0,500000,3.24,0.943967,0.291475,-0.190293
goe101,airfoil_tools,0.069,0.04,0.3,0.3,0.01,0.0,0.2,0.05,20.5,500000,3.02,0.934587,0.309692,-0.20123
goe101,airfoil_tools,0.069,0.04,0.3,0.3,0.01,0.0,0.2,0.05,21.0,500000,2.82,0.926114,0.328932,-0.210925
goe101,airfoil_tools,0.069,0.04,0.3,0.3,0.01,0.0,0.2,0.05,21.5,500000,2.63,0.919397,0.348942,-0.219461
goe101,airfoil_tools,0.069,0.04,0.3,0.3,0.01,0.0,0.2,0.05,22.0,500000,2.48,0.915158,0.369382,-0.22701
goe101,airfoil_tools,0.069,0.04,0.3,0.3,0.01,0.0,0.2,0.05,22.5,500000,2.34,0.913676,0.389946,-0.233778
goe101,airfoil_tools,0.069,0.04,0.3,0.3,0.01,0.0,0.2,0.05,23.0,500000,2.23,0.914847,0.410401,-0.233239
goe101,airfoil_tools,0.069,0.04,0.3,0.3,0.01,0.0,0.2,0.05,23.5,500000,2.13,0.918333,0.430604,-0.245707
supermarine371ii,airfoil_tools,0.084,0.009,0.5,0.45,0.01,0.0,0.084,0.05,-6.0,100000,-9.96,-0.544488,0.05467,-0.024603
supermarine371ii,airfoil_tools,0.084,0.009,0.5,0.45,0.01,0.0,0.084,0.05,-5.5,100000,-11.03,-0.531955,0.048218,-0.019447
supermarine371ii,airfoil_tools,0.084,0.009,0.5,0.45,0.01,0.0,0.084,0.05,-5.0,100000,-12.26,-0.513921,0.041907,-0.01339
supermarine371ii,airfoil_tools,0.084,0.009,0.5,0.45,0.01,0.0,0.084,0.05,-4.5,100000,-13.95,-0.498561,0.035748,-0.011483
supermarine371ii,airfoil_tools,0.084,0.009,0.5,0.45,0.01,0.0,0.084,0.05,-4.0,100000,-15.95,-0.46608,0.029225,-0.007504
supermarine371ii,airfoil_tools,0.084,0.009,0.5,0.45,0.01,0.0,0.084,0.05,-3.5,100000,-17.18,-0.42784,0.024902,-0.00363
supermarine371ii,airfoil_tools,0.084,0.009,0.5,0.45,0.01,0.0,0.084,0.05,-3.0,100000,-17.75,-0.389473,0.021943,-0.000125
supermarine371ii,airfoil_tools,0.084,0.009,0.5,0.45,0.01,0.0,0.084,0.05,-2.5,100000,-18.29,-0.357656,0.019559,0.00472
supermarine371ii,airfoil_tools,0.084,0.009,0.5,0.45,0.01,0.0,0.084,0.05,-2.0,100000,-14.8,-0.246104,0.016631,-0.00573
supermarine371ii,airfoil_tools,0.084,0.009,0.5,0.45,0.01,0.0,0.084,0.05,-1.5,100000,-7.86,-0.133115,0.016936,-0.014711
supermarine371ii,airfoil_tools,0.084,0.009,0.5,0.45,0.01,0.0,0.084,0.05,-1.0,100000,-4.38,-0.074102,0.016932,-0.015383
supermarine371ii,airfoil_tools,0.084,0.009,0.5,0.45,0.01,0.0,0.084,0.05,-0.5,100000,-1.75,-0.0294,0.016843,-0.01494
supermarine371ii,airfoil_tools,0.084,0.009,0.5,0.45,0.01,0.0,0.084,0.05,0.0,100000,0.87,0.014676,0.016861,-0.014945
supermarine371ii,airfoil_tools,0.084,0.009,0.5,0.45,0.01,0.0,0.084,0.05,0.5,100000,3.54,0.060075,0.01698,-0.015326
supermarine371ii,airfoil_tools,0.084,0.009,0.5,0.45,0.01,0.0,0.084,0.05,1.0,100000,6.24,0.107425,0.017207,-0.016097
supermarine371ii,airfoil_tools,0.084,0.009,0.5,0.45,0.01,0.0,0.084,0.05,1.5,100000,9.01,0.158265,0.017569,-0.017491
supermarine371ii,airfoil_tools,0.084,0.009,0.5,0.45,0.01,0.0,0.084,0.05,2.0,100000,11.96,0.215857,0.018048,-0.019763
supermarine371ii,airfoil_tools,0.084,0.009,0.5,0.45,0.01,0.0,0.084,0.05,2.5,100000,15.79,0.288167,0.018246,-0.022946
supermarine371ii,airfoil_tools,0.084,0.009,0.5,0.45,0.01,0.0,0.084,0.05,3.0,100000,23.34,0.391057,0.016751,-0.026953
supermarine371ii,airfoil_tools,0.084,0.009,0.5,0.45,0.01,0.0,0.084,0.05,3.5,100000,30.8,0.486017,0.015782,-0.026833
supermarine371ii,airfoil_tools,0.084,0.009,0.5,0.45,0.01,0.0,0.084,0.05,4.0,100000,27.09,0.511706,0.018887,-0.017891
supermarine371ii,airfoil_tools,0.084,0.009,0.5,0.45,0.01,0.0,0.084,0.05,4.5,100000,25.81,0.555988,0.02154,-0.012926
supermarine371ii,airfoil_tools,0.084,0.009,0.5,0.45,0.01,0.0,0.084,0.05,5.0,100000,23.92,0.612215,0.025597,-0.011206
supermarine371ii,airfoil_tools,0.084,0.009,0.5,0.45,0.01,0.0,0.084,0.05,5.5,100000,21.01,0.660702,0.031442,-0.008944
supermarine371ii,airfoil_tools,0.084,0.009,0.5,0.45,0.01,0.0,0.084,0.05,6.0,100000,17.69,0.702839,0.039739,-0.006639
supermarine371ii,airfoil_tools,0.084,0.009,0.5,0.45,0.01,0.0,0.084,0.05,6.5,100000,15.2,0.722639,0.047538,-0.005548
supermarine371ii,airfoil_tools,0.084,0.009,0.5,0.45,0.01,0.0,0.084,0.05,7.0,100000,13.69,0.741642,0.054167,-0.001824
supermarine371ii,airfoil_tools,0.084,0.009,0.5,0.45,0.01,0.0,0.084,0.05,7.5,100000,12.1,0.747665,0.061794,0.002165
supermarine371ii,airfoil_tools,0.084,0.009,0.5,0.45,0.01,0.0,0.084,0.05,8.0,100000,10.54,0.739278,0.07014,0.004371
supermarine371ii,airfoil_tools,0.084,0.009,0.5,0.45,0.01,0.0,0.084,0.05,8.5,100000,9.14,0.723022,0.079093,0.003568
supermarine371ii,airfoil_tools,0.084,0.009,0.5,0.45,0.01,0.0,0.084,0.05,9.0,100000,7.97,0.707473,0.088781,6.2e-05
supermarine371ii,airfoil_tools,0.084,0.009,0.5,0.45,0.01,0.0,0.084,0.05,9.5,100000,7.06,0.697767,0.09886,-0.004418
supermarine371ii,airfoil_tools,0.084,0.009,0.5,0.45,0.01,0.0,0.084,0.05,10.0,100000,6.38,0.693421,0.108632,-0.008742
supermarine371ii,airfoil_tools,0.084,0.009,0.5,0.45,0.01,0.0,0.084,0.05,10.5,100000,5.88,0.692682,0.117832,-0.012829
supermarine371ii,airfoil_tools,0.084,0.009,0.5,0.45,0.01,0.0,0.084,0.05,11.0,100000,5.49,0.69456,0.126553,-0.016865
supermarine371ii,airfoil_tools,0.084,0.009,0.5,0.45,0.01,0.0,0.084,0.05,11.5,100000,5.18,0.698529,0.134934,-0.020959
supermarine371ii,airfoil_tools,0.084,0.009,0.5,0.45,0.01,0.0,0.084,0.05,12.0,100000,4.92,0.704203,0.143066,-0.025142
supermarine371ii,airfoil_tools,0.084,0.009,0.5,0.45,0.01,0.0,0.084,0.05,12.5,100000,4.71,0.71126,0.151002,-0.029421
supermarine371ii,airfoil_tools,0.084,0.009,0.5,0.45,0.01,0.0,0.084,0.05,13.0,100000,4.53,0.719443,0.158768,-0.03381
supermarine371ii,airfoil_tools,0.084,0.009,0.5,0.45,0.01,0.0,0.084,0.05,13.5,100000,4.38,0.72856,0.166374,-0.038343
supermarine371ii,airfoil_tools,0.084,0.009,0.5,0.45,0.01,0.0,0.084,0.05,14.0,100000,4.25,0.738469,0.173827,-0.043076
supermarine371ii,airfoil_tools,0.084,0.009,0.5,0.45,0.01,0.0,0.084,0.05,14.5,100000,4.14,0.74905,0.181138,-0.048087
supermarine371ii,airfoil_tools,0.084,0.009,0.5,0.45,0.01,0.0,0.084,0.05,15.0,100000,4.04,0.76018,0.188338,-0.053481
supermarine371ii,airfoil_tools,0.084,0.009,0.5,0.45,0.01,0.0,0.084,0.05,15.5,100000,3.95,0.771706,0.195488,-0.059394
supermarine371ii,airfoil_tools,0.084,0.009,0.5,0.45,0.01,0.0,0.084,0.05,16.0,100000,3.87,0.783441,0.202689,-0.065987
supermarine371ii,airfoil_tools,0.084,0.009,0.5,0.45,0.01,0.0,0.084,0.05,16.5,100000,3.78,0.795155,0.210089,-0.073448
supermarine371ii,airfoil_tools,0.084,0.009,0.5,0.45,0.01,0.0,0.084,0.05,17.0,100000,3.7,0.806583,0.217891,-0.081976
supermarine371ii,airfoil_tools,0.084,0.009,0.5,0.45,0.01,0.0,0.084,0.05,17.5,100000,3.61,0.817436,0.226355,-0.091752
supermarine371ii,airfoil_tools,0.084,0.009,0.5,0.45,0.01,0.0,0.084,0.05,18.0,100000,3.51,0.827438,0.235792,-0.102899
supermarine371ii,airfoil_tools,0.084,0.009,0.5,0.45,0.01,0.0,0.084,0.05,18.5,100000,3.39,0.836369,0.246538,-0.115418
supermarine371ii,airfoil_tools,0.084,0.009,0.5,0.45,0.01,0.0,0.084,0.05,19.0,100000,3.26,0.84413,0.258909,-0.129144
supermarine371ii,airfoil_tools,0.084,0.009,0.5,0.45,0.01,0.0,0.084,0.05,19.5,100000,3.11,0.850786,0.273134,-0.143717
supermarine371ii,airfoil_tools,0.084,0.009,0.5,0.45,0.01,0.0,0.084,0.05,20.0,100000,2.96,0.856592,0.289287,-0.158624
supermarine371ii,airfoil_tools,0.084,0.009,0.5,0.45,0.01,0.0,0.084,0.05,20.5,100000,2.81,0.861944,0.307242,-0.173296
supermarine371ii,airfoil_tools,0.084,0.009,0.5,0.45,0.01,0.0,0.084,0.05,21.0,100000,2.65,0.8673,0.326682,-0.187222
supermarine371ii,airfoil_tools,0.084,0.009,0.5,0.45,0.01,0.0,0.084,0.05,21.5,100000,2.51,0.873065,0.347162,-0.200046
supermarine371ii,airfoil_tools,0.084,0.009,0.5,0.45,0.01,0.0,0.084,0.05,22.0,100000,2.39,0.879518,0.368209,-0.211597
supermarine371ii,airfoil_tools,0.084,0.009,0.5,0.45,0.01,0.0,0.084,0.05,22.5,100000,2.28,0.886788,0.389406,-0.221868
supermarine371ii,airfoil_tools,0.084,0.009,0.5,0.45,0.01,0.0,0.084,0.05,23.0,100000,2.18,0.894867,0.410449,-0.230963
supermarine371ii,airfoil_tools,0.084,0.009,0.5,0.45,0.01,0.0,0.084,0.05,23.5,100000,2.1,0.903656,0.431154,-0.239044
